case,mode,OH_max,Hoh_max,opt_status,feasible_count,n_samples,seed,x_baseline,Eh_kWh_baseline,OH_degC_h_baseline,Hoh_h_baseline,x_best,Eh_kWh_best,OH_degC_h_best,Hoh_h_best
FI_WWR + BRICK,schemeA_feasible,5.0,13.799999999999999,feasible_found,1964,2000,20260201.0,"(0.0, 0.0, 1.57, 1.57)",314807.26481838914,7.457650110767393,23.0,"(0.0555413423316693, 0.5346425995808686, 0.30468457375304764, 1.300182962498107)",315865.34775902866,2.8206564254895135,11.0
FI_WWR + CONCRETE,schemeA_feasible,5.0,5.0,feasible_found,2000,2000,20260201.0,"(0.0, 0.0, 1.57, 1.57)",314860.6234709343,0.0,0.0,"(0.011567716886680124, 1.3334411938513138, 1.4363824240659067, 1.2969282482725133)",315381.14139382145,0.0,0.0
CTRL: PASSIVE_WWR + NO_SHADING + BRICK_THERM,no_shading_ctrl,,,not_optimized,0,0,,"(0.0, 0.0, 1.57, 1.57)",310699.60304447525,31.346234704629715,54.0,"(0.0, 0.0, 1.57, 1.57)",310699.60304447525,31.346234704629715,54.0
CTRL: PASSIVE_WWR + NO_SHADING + CONCRETE_THERM,no_shading_ctrl,,,not_optimized,0,0,,"(0.0, 0.0, 1.57, 1.57)",310562.9427828419,2.057552425218745,13.0,"(0.0, 0.0, 1.57, 1.57)",310562.9427828419,2.057552425218745,13.0
