x,E_heat_kWh,E_cool_kWh,dN_m,dS_m,etaE_rad,etaW_rad
"(0.0015562324971165609, 0.17073960638535257, 0.9666099739690414, 1.5031515462346834)",72560.45200874907,0.0,0.0015562324971165609,0.17073960638535257,0.9666099739690414,1.5031515462346834
