{
  "N": 400,
  "pass_rate": 1.0,
  "q05_kwh": 380439.1928832487,
  "decision": "PASS",
  "COP0": 3.0,
  "deltaT_range": [
    1.5,
    1.7
  ],
  "COP_range": [
    2.7,
    3.3000000000000003
  ]
}